Date,City,Type,Count
5/10/2019,Lahore,PM 2.5,231
5/11/2019,Lahore,PM 2.5,171
5/12/2019,Lahore,PM 2.5,209
5/13/2019,Lahore,PM 2.5,188
5/14/2019,Lahore,PM 2.5,194
5/15/2019,Lahore,PM 2.5,145
5/16/2019,Lahore,PM 2.5,182
5/17/2019,Lahore,PM 2.5,173
5/18/2019,Lahore,PM 2.5,177
5/19/2019,Lahore,PM 2.5,156
5/20/2019,Lahore,PM 2.5,184
5/21/2019,Lahore,PM 2.5,167
5/22/2019,Lahore,PM 2.5,171
5/23/2019,Lahore,PM 2.5,231
5/24/2019,Lahore,PM 2.5,139
5/25/2019,Lahore,PM 2.5,141
5/26/2019,Lahore,PM 2.5,129
5/27/2019,Lahore,PM 2.5,157
5/28/2019,Lahore,PM 2.5,161
5/29/2019,Lahore,PM 2.5,179
5/30/2019,Lahore,PM 2.5,198
5/31/2019,Lahore,PM 2.5,249
6/1/2019,Lahore,PM 2.5,185
6/2/2019,Lahore,PM 2.5,222
6/3/2019,Lahore,PM 2.5,170
6/4/2019,Lahore,PM 2.5,223
6/5/2019,Lahore,PM 2.5,153
6/6/2019,Lahore,PM 2.5,157
6/7/2019,Lahore,PM 2.5,129
6/8/2019,Lahore,PM 2.5,149
6/9/2019,Lahore,PM 2.5,156
6/10/2019,Lahore,PM 2.5,160
6/11/2019,Lahore,PM 2.5,168
6/12/2019,Lahore,PM 2.5,171
6/13/2019,Lahore,PM 2.5,160
6/14/2019,Lahore,PM 2.5,142
6/15/2019,Lahore,PM 2.5,156
6/16/2019,Lahore,PM 2.5,188
6/17/2019,Lahore,PM 2.5,154
6/18/2019,Lahore,PM 2.5,153
6/19/2019,Lahore,PM 2.5,128
6/20/2019,Lahore,PM 2.5,169
6/21/2019,Lahore,PM 2.5,153
6/22/2019,Lahore,PM 2.5,188
6/23/2019,Lahore,PM 2.5,159
6/24/2019,Lahore,PM 2.5,160
6/25/2019,Lahore,PM 2.5,163
6/26/2019,Lahore,PM 2.5,176
6/27/2019,Lahore,PM 2.5,166
6/28/2019,Lahore,PM 2.5,135
6/29/2019,Lahore,PM 2.5,186
6/30/2019,Lahore,PM 2.5,151
7/1/2019,Lahore,PM 2.5,149
7/2/2019,Lahore,PM 2.5,152
7/3/2019,Lahore,PM 2.5,156
7/4/2019,Lahore,PM 2.5,158
7/5/2019,Lahore,PM 2.5,154
7/6/2019,Lahore,PM 2.5,124
7/7/2019,Lahore,PM 2.5,141
7/8/2019,Lahore,PM 2.5,149
7/9/2019,Lahore,PM 2.5,155
7/10/2019,Lahore,PM 2.5,127
7/11/2019,Lahore,PM 2.5,153
7/12/2019,Lahore,PM 2.5,139
7/13/2019,Lahore,PM 2.5,171
7/14/2019,Lahore,PM 2.5,139
7/15/2019,Lahore,PM 2.5,89
7/16/2019,Lahore,PM 2.5,137
7/17/2019,Lahore,PM 2.5,119
7/18/2019,Lahore,PM 2.5,103
7/19/2019,Lahore,PM 2.5,119
7/20/2019,Lahore,PM 2.5,133
7/21/2019,Lahore,PM 2.5,136
7/22/2019,Lahore,PM 2.5,135
7/23/2019,Lahore,PM 2.5,156
7/24/2019,Lahore,PM 2.5,164
7/25/2019,Lahore,PM 2.5,156
7/26/2019,Lahore,PM 2.5,105
7/27/2019,Lahore,PM 2.5,103
7/28/2019,Lahore,PM 2.5,108
7/29/2019,Lahore,PM 2.5,123
7/30/2019,Lahore,PM 2.5,123
7/31/2019,Lahore,PM 2.5,125
8/1/2019,Lahore,PM 2.5,106
8/2/2019,Lahore,PM 2.5,116
8/3/2019,Lahore,PM 2.5,78
8/4/2019,Lahore,PM 2.5,101
8/5/2019,Lahore,PM 2.5,113
8/6/2019,Lahore,PM 2.5,105
8/7/2019,Lahore,PM 2.5,141
8/8/2019,Lahore,PM 2.5,114
8/9/2019,Lahore,PM 2.5,164
8/10/2019,Lahore,PM 2.5,154
8/11/2019,Lahore,PM 2.5,143
8/12/2019,Lahore,PM 2.5,104
8/13/2019,Lahore,PM 2.5,112
8/14/2019,Lahore,PM 2.5,104
8/15/2019,Lahore,PM 2.5,123
8/16/2019,Lahore,PM 2.5,113
8/17/2019,Lahore,PM 2.5,98
8/18/2019,Lahore,PM 2.5,85
8/19/2019,Lahore,PM 2.5,119
8/20/2019,Lahore,PM 2.5,98
8/21/2019,Lahore,PM 2.5,133
8/22/2019,Lahore,PM 2.5,142
8/23/2019,Lahore,PM 2.5,129
8/24/2019,Lahore,PM 2.5,131
8/25/2019,Lahore,PM 2.5,157
8/26/2019,Lahore,PM 2.5,144
8/27/2019,Lahore,PM 2.5,115
8/28/2019,Lahore,PM 2.5,160
8/29/2019,Lahore,PM 2.5,198
8/30/2019,Lahore,PM 2.5,160
8/31/2019,Lahore,PM 2.5,143
9/1/2019,Lahore,PM 2.5,174
9/2/2019,Lahore,PM 2.5,146
9/3/2019,Lahore,PM 2.5,148
9/4/2019,Lahore,PM 2.5,166
9/5/2019,Lahore,PM 2.5,167
9/6/2019,Lahore,PM 2.5,101
9/7/2019,Lahore,PM 2.5,136
9/8/2019,Lahore,PM 2.5,133
9/9/2019,Lahore,PM 2.5,163
9/10/2019,Lahore,PM 2.5,155
9/11/2019,Lahore,PM 2.5,151
9/12/2019,Lahore,PM 2.5,155
9/13/2019,Lahore,PM 2.5,162
9/14/2019,Lahore,PM 2.5,157
9/15/2019,Lahore,PM 2.5,159
9/16/2019,Lahore,PM 2.5,158
9/17/2019,Lahore,PM 2.5,145
9/18/2019,Lahore,PM 2.5,136
9/19/2019,Lahore,PM 2.5,159
9/20/2019,Lahore,PM 2.5,133
9/21/2019,Lahore,PM 2.5,128
9/22/2019,Lahore,PM 2.5,183
9/23/2019,Lahore,PM 2.5,155
9/24/2019,Lahore,PM 2.5,130
9/25/2019,Lahore,PM 2.5,133
9/26/2019,Lahore,PM 2.5,150
9/27/2019,Lahore,PM 2.5,161
9/28/2019,Lahore,PM 2.5,156
9/29/2019,Lahore,PM 2.5,116
9/30/2019,Lahore,PM 2.5,93
10/1/2019,Lahore,PM 2.5,183
10/2/2019,Lahore,PM 2.5,142
10/3/2019,Lahore,PM 2.5,162
10/4/2019,Lahore,PM 2.5,163
10/5/2019,Lahore,PM 2.5,185
10/6/2019,Lahore,PM 2.5,-
10/7/2019,Lahore,PM 2.5,-
10/8/2019,Lahore,PM 2.5,144
10/9/2019,Lahore,PM 2.5,155
10/10/2019,Lahore,PM 2.5,185
10/11/2019,Lahore,PM 2.5,184
10/12/2019,Lahore,PM 2.5,224
10/13/2019,Lahore,PM 2.5,192
10/14/2019,Lahore,PM 2.5,200
10/15/2019,Lahore,PM 2.5,200
10/16/2019,Lahore,PM 2.5,188
10/17/2019,Lahore,PM 2.5,223
10/18/2019,Lahore,PM 2.5,246
10/19/2019,Lahore,PM 2.5,156
10/20/2019,Lahore,PM 2.5,163
10/21/2019,Lahore,PM 2.5,165
10/22/2019,Lahore,PM 2.5,187
10/23/2019,Lahore,PM 2.5,193
10/24/2019,Lahore,PM 2.5,213
10/25/2019,Lahore,PM 2.5,237
10/26/2019,Lahore,PM 2.5,253
10/27/2019,Lahore,PM 2.5,294
10/28/2019,Lahore,PM 2.5,265
10/29/2019,Lahore,PM 2.5,297
10/30/2019,Lahore,PM 2.5,315
10/31/2019,Lahore,PM 2.5,374
11/1/2019,Lahore,PM 2.5,338
11/2/2019,Lahore,PM 2.5,402
11/3/2019,Lahore,PM 2.5,288
11/4/2019,Lahore,PM 2.5,255
11/5/2019,Lahore,PM 2.5,248
11/6/2019,Lahore,PM 2.5,204
11/7/2019,Lahore,PM 2.5,266
11/8/2019,Lahore,PM 2.5,136
11/9/2019,Lahore,PM 2.5,165
11/10/2019,Lahore,PM 2.5,200
11/11/2019,Lahore,PM 2.5,182
11/12/2019,Lahore,PM 2.5,207
11/13/2019,Lahore,PM 2.5,272
11/14/2019,Lahore,PM 2.5,370
11/15/2019,Lahore,PM 2.5,369
11/16/2019,Lahore,PM 2.5,286
11/17/2019,Lahore,PM 2.5,259
11/18/2019,Lahore,PM 2.5,188
11/19/2019,Lahore,PM 2.5,214
11/20/2019,Lahore,PM 2.5,299
11/21/2019,Lahore,PM 2.5,310
11/22/2019,Lahore,PM 2.5,451
11/23/2019,Lahore,PM 2.5,319
11/24/2019,Lahore,PM 2.5,181
11/25/2019,Lahore,PM 2.5,186
11/26/2019,Lahore,PM 2.5,236
11/27/2019,Lahore,PM 2.5,333
11/28/2019,Lahore,PM 2.5,186
11/29/2019,Lahore,PM 2.5,227
11/30/2019,Lahore,PM 2.5,221
12/1/2019,Lahore,PM 2.5,200
12/2/2019,Lahore,PM 2.5,254
12/3/2019,Lahore,PM 2.5,273
12/4/2019,Lahore,PM 2.5,276
12/5/2019,Lahore,PM 2.5,324
12/6/2019,Lahore,PM 2.5,333
12/7/2019,Lahore,PM 2.5,370
12/8/2019,Lahore,PM 2.5,317
12/9/2019,Lahore,PM 2.5,369
12/10/2019,Lahore,PM 2.5,337
12/11/2019,Lahore,PM 2.5,478
12/12/2019,Lahore,PM 2.5,380
12/13/2019,Lahore,PM 2.5,281
12/14/2019,Lahore,PM 2.5,171
12/15/2019,Lahore,PM 2.5,224
12/16/2019,Lahore,PM 2.5,192
12/17/2019,Lahore,PM 2.5,189
12/18/2019,Lahore,PM 2.5,260
12/19/2019,Lahore,PM 2.5,294
12/20/2019,Lahore,PM 2.5,236
12/21/2019,Lahore,PM 2.5,417
12/22/2019,Lahore,PM 2.5,305
12/23/2019,Lahore,PM 2.5,276
12/24/2019,Lahore,PM 2.5,313
12/25/2019,Lahore,PM 2.5,280
12/26/2019,Lahore,PM 2.5,282
12/27/2019,Lahore,PM 2.5,296
12/28/2019,Lahore,PM 2.5,315
12/29/2019,Lahore,PM 2.5,330
12/30/2019,Lahore,PM 2.5,312
12/31/2019,Lahore,PM 2.5,-
1/1/2020,Lahore,PM 2.5,-
1/2/2020,Lahore,PM 2.5,355
1/3/2020,Lahore,PM 2.5,375
1/4/2020,Lahore,PM 2.5,311
1/5/2020,Lahore,PM 2.5,370
1/6/2020,Lahore,PM 2.5,246
1/7/2020,Lahore,PM 2.5,189
1/8/2020,Lahore,PM 2.5,238
1/9/2020,Lahore,PM 2.5,199
1/10/2020,Lahore,PM 2.5,199
1/11/2020,Lahore,PM 2.5,216
1/12/2020,Lahore,PM 2.5,225
1/13/2020,Lahore,PM 2.5,206
1/14/2020,Lahore,PM 2.5,164
1/15/2020,Lahore,PM 2.5,183
1/16/2020,Lahore,PM 2.5,205
1/17/2020,Lahore,PM 2.5,250
1/18/2020,Lahore,PM 2.5,334
1/19/2020,Lahore,PM 2.5,337
1/20/2020,Lahore,PM 2.5,327
1/21/2020,Lahore,PM 2.5,224
1/22/2020,Lahore,PM 2.5,173
1/23/2020,Lahore,PM 2.5,173
1/24/2020,Lahore,PM 2.5,187
1/25/2020,Lahore,PM 2.5,202
1/26/2020,Lahore,PM 2.5,237
1/27/2020,Lahore,PM 2.5,291
1/28/2020,Lahore,PM 2.5,278
1/29/2020,Lahore,PM 2.5,205
1/30/2020,Lahore,PM 2.5,183
1/31/2020,Lahore,PM 2.5,226
2/1/2020,Lahore,PM 2.5,113
2/2/2020,Lahore,PM 2.5,34
2/3/2020,Lahore,PM 2.5,33
2/4/2020,Lahore,PM 2.5,33
2/5/2020,Lahore,PM 2.5,38
2/6/2020,Lahore,PM 2.5,33
2/7/2020,Lahore,PM 2.5,33
2/8/2020,Lahore,PM 2.5,33
2/9/2020,Lahore,PM 2.5,34
2/10/2020,Lahore,PM 2.5,31
2/11/2020,Lahore,PM 2.5,34
2/12/2020,Lahore,PM 2.5,116
2/13/2020,Lahore,PM 2.5,186
2/14/2020,Lahore,PM 2.5,181
2/15/2020,Lahore,PM 2.5,138
2/16/2020,Lahore,PM 2.5,158
2/17/2020,Lahore,PM 2.5,180
2/18/2020,Lahore,PM 2.5,203
2/19/2020,Lahore,PM 2.5,199
2/20/2020,Lahore,PM 2.5,185
2/21/2020,Lahore,PM 2.5,173
2/22/2020,Lahore,PM 2.5,110
2/23/2020,Lahore,PM 2.5,200
2/24/2020,Lahore,PM 2.5,194
2/25/2020,Lahore,PM 2.5,224
2/26/2020,Lahore,PM 2.5,209
2/27/2020,Lahore,PM 2.5,222
2/28/2020,Lahore,PM 2.5,195
2/29/2020,Lahore,PM 2.5,198
3/1/2020,Lahore,PM 2.5,111
3/2/2020,Lahore,PM 2.5,164
3/3/2020,Lahore,PM 2.5,171
3/4/2020,Lahore,PM 2.5,161
3/5/2020,Lahore,PM 2.5,228
3/6/2020,Lahore,PM 2.5,111
3/7/2020,Lahore,PM 2.5,89
3/8/2020,Lahore,PM 2.5,73
3/9/2020,Lahore,PM 2.5,119
3/10/2020,Lahore,PM 2.5,101
3/11/2020,Lahore,PM 2.5,180
3/12/2020,Lahore,PM 2.5,143
3/13/2020,Lahore,PM 2.5,69
3/14/2020,Lahore,PM 2.5,91
3/15/2020,Lahore,PM 2.5,147
3/16/2020,Lahore,PM 2.5,174
3/17/2020,Lahore,PM 2.5,170
3/18/2020,Lahore,PM 2.5,166
3/19/2020,Lahore,PM 2.5,168
3/20/2020,Lahore,PM 2.5,195
3/21/2020,Lahore,PM 2.5,217
3/22/2020,Lahore,PM 2.5,151
3/23/2020,Lahore,PM 2.5,215
3/24/2020,Lahore,PM 2.5,130
3/25/2020,Lahore,PM 2.5,122
3/26/2020,Lahore,PM 2.5,88
3/27/2020,Lahore,PM 2.5,97
3/28/2020,Lahore,PM 2.5,51
3/29/2020,Lahore,PM 2.5,62
3/30/2020,Lahore,PM 2.5,98
3/31/2020,Lahore,PM 2.5,101
4/1/2020,Lahore,PM 2.5,100
4/2/2020,Lahore,PM 2.5,73
4/3/2020,Lahore,PM 2.5,54
4/4/2020,Lahore,PM 2.5,96
4/5/2020,Lahore,PM 2.5,108
4/6/2020,Lahore,PM 2.5,126
4/7/2020,Lahore,PM 2.5,58
4/8/2020,Lahore,PM 2.5,68
4/9/2020,Lahore,PM 2.5,70
4/10/2020,Lahore,PM 2.5,120
4/11/2020,Lahore,PM 2.5,87
4/12/2020,Lahore,PM 2.5,88
4/13/2020,Lahore,PM 2.5,111
4/14/2020,Lahore,PM 2.5,144
4/15/2020,Lahore,PM 2.5,129
4/16/2020,Lahore,PM 2.5,137
4/17/2020,Lahore,PM 2.5,106
4/18/2020,Lahore,PM 2.5,101
4/19/2020,Lahore,PM 2.5,56
4/20/2020,Lahore,PM 2.5,96
5/24/2019,Karachi,PM 2.5,112
5/25/2019,Karachi,PM 2.5,124
5/26/2019,Karachi,PM 2.5,127
5/27/2019,Karachi,PM 2.5,119
5/28/2019,Karachi,PM 2.5,93
5/29/2019,Karachi,PM 2.5,89
5/30/2019,Karachi,PM 2.5,77
5/31/2019,Karachi,PM 2.5,84
6/1/2019,Karachi,PM 2.5,100
6/2/2019,Karachi,PM 2.5,78
6/3/2019,Karachi,PM 2.5,72
6/4/2019,Karachi,PM 2.5,65
6/5/2019,Karachi,PM 2.5,66
6/6/2019,Karachi,PM 2.5,62
6/7/2019,Karachi,PM 2.5,62
6/8/2019,Karachi,PM 2.5,63
6/9/2019,Karachi,PM 2.5,61
6/10/2019,Karachi,PM 2.5,62
6/11/2019,Karachi,PM 2.5,67
6/12/2019,Karachi,PM 2.5,76
6/13/2019,Karachi,PM 2.5,112
6/14/2019,Karachi,PM 2.5,127
6/15/2019,Karachi,PM 2.5,113
6/16/2019,Karachi,PM 2.5,101
6/17/2019,Karachi,PM 2.5,85
6/18/2019,Karachi,PM 2.5,73
6/19/2019,Karachi,PM 2.5,83
6/20/2019,Karachi,PM 2.5,99
6/21/2019,Karachi,PM 2.5,90
6/22/2019,Karachi,PM 2.5,102
6/23/2019,Karachi,PM 2.5,133
6/24/2019,Karachi,PM 2.5,116
6/25/2019,Karachi,PM 2.5,118
6/26/2019,Karachi,PM 2.5,95
6/27/2019,Karachi,PM 2.5,82
6/28/2019,Karachi,PM 2.5,79
6/29/2019,Karachi,PM 2.5,88
6/30/2019,Karachi,PM 2.5,91
7/1/2019,Karachi,PM 2.5,93
7/2/2019,Karachi,PM 2.5,88
7/3/2019,Karachi,PM 2.5,94
7/4/2019,Karachi,PM 2.5,90
7/5/2019,Karachi,PM 2.5,94
7/6/2019,Karachi,PM 2.5,98
7/7/2019,Karachi,PM 2.5,101
7/8/2019,Karachi,PM 2.5,103
7/9/2019,Karachi,PM 2.5,111
7/10/2019,Karachi,PM 2.5,113
7/11/2019,Karachi,PM 2.5,95
7/12/2019,Karachi,PM 2.5,97
7/13/2019,Karachi,PM 2.5,98
7/14/2019,Karachi,PM 2.5,89
7/15/2019,Karachi,PM 2.5,81
7/16/2019,Karachi,PM 2.5,90
7/17/2019,Karachi,PM 2.5,87
7/18/2019,Karachi,PM 2.5,91
7/19/2019,Karachi,PM 2.5,90
7/20/2019,Karachi,PM 2.5,87
7/21/2019,Karachi,PM 2.5,88
7/22/2019,Karachi,PM 2.5,82
7/23/2019,Karachi,PM 2.5,83
7/24/2019,Karachi,PM 2.5,80
7/25/2019,Karachi,PM 2.5,75
7/26/2019,Karachi,PM 2.5,81
7/27/2019,Karachi,PM 2.5,101
7/28/2019,Karachi,PM 2.5,90
7/29/2019,Karachi,PM 2.5,82
7/30/2019,Karachi,PM 2.5,73
7/31/2019,Karachi,PM 2.5,72
8/1/2019,Karachi,PM 2.5,75
8/2/2019,Karachi,PM 2.5,84
8/3/2019,Karachi,PM 2.5,91
8/4/2019,Karachi,PM 2.5,88
8/5/2019,Karachi,PM 2.5,87
8/6/2019,Karachi,PM 2.5,89
8/7/2019,Karachi,PM 2.5,96
8/8/2019,Karachi,PM 2.5,103
8/9/2019,Karachi,PM 2.5,114
8/10/2019,Karachi,PM 2.5,120
8/11/2019,Karachi,PM 2.5,101
8/12/2019,Karachi,PM 2.5,62
8/13/2019,Karachi,PM 2.5,55
8/14/2019,Karachi,PM 2.5,82
8/15/2019,Karachi,PM 2.5,50
8/16/2019,Karachi,PM 2.5,56
8/17/2019,Karachi,PM 2.5,63
8/18/2019,Karachi,PM 2.5,55
8/19/2019,Karachi,PM 2.5,58
8/20/2019,Karachi,PM 2.5,64
8/21/2019,Karachi,PM 2.5,65
8/22/2019,Karachi,PM 2.5,73
8/23/2019,Karachi,PM 2.5,69
8/24/2019,Karachi,PM 2.5,79
8/25/2019,Karachi,PM 2.5,78
8/26/2019,Karachi,PM 2.5,86
8/27/2019,Karachi,PM 2.5,90
8/28/2019,Karachi,PM 2.5,85
8/29/2019,Karachi,PM 2.5,91
8/30/2019,Karachi,PM 2.5,89
8/31/2019,Karachi,PM 2.5,118
9/1/2019,Karachi,PM 2.5,107
9/2/2019,Karachi,PM 2.5,78
9/3/2019,Karachi,PM 2.5,82
9/4/2019,Karachi,PM 2.5,81
9/5/2019,Karachi,PM 2.5,77
9/6/2019,Karachi,PM 2.5,79
9/7/2019,Karachi,PM 2.5,85
9/8/2019,Karachi,PM 2.5,86
9/9/2019,Karachi,PM 2.5,88
9/10/2019,Karachi,PM 2.5,81
9/11/2019,Karachi,PM 2.5,76
9/12/2019,Karachi,PM 2.5,87
9/13/2019,Karachi,PM 2.5,81
9/14/2019,Karachi,PM 2.5,77
9/15/2019,Karachi,PM 2.5,71
9/16/2019,Karachi,PM 2.5,69
9/17/2019,Karachi,PM 2.5,68
9/18/2019,Karachi,PM 2.5,78
9/19/2019,Karachi,PM 2.5,96
9/20/2019,Karachi,PM 2.5,99
9/21/2019,Karachi,PM 2.5,100
9/22/2019,Karachi,PM 2.5,131
9/23/2019,Karachi,PM 2.5,136
9/24/2019,Karachi,PM 2.5,118
9/25/2019,Karachi,PM 2.5,79
9/26/2019,Karachi,PM 2.5,91
9/27/2019,Karachi,PM 2.5,139
9/28/2019,Karachi,PM 2.5,119
9/29/2019,Karachi,PM 2.5,134
9/30/2019,Karachi,PM 2.5,73
10/1/2019,Karachi,PM 2.5,95
10/2/2019,Karachi,PM 2.5,63
10/3/2019,Karachi,PM 2.5,66
10/4/2019,Karachi,PM 2.5,70
10/5/2019,Karachi,PM 2.5,79
10/6/2019,Karachi,PM 2.5,91
10/7/2019,Karachi,PM 2.5,79
10/8/2019,Karachi,PM 2.5,84
10/9/2019,Karachi,PM 2.5,114
10/10/2019,Karachi,PM 2.5,103
10/11/2019,Karachi,PM 2.5,87
10/12/2019,Karachi,PM 2.5,104
10/13/2019,Karachi,PM 2.5,99
10/14/2019,Karachi,PM 2.5,106
10/15/2019,Karachi,PM 2.5,91
10/16/2019,Karachi,PM 2.5,101
10/17/2019,Karachi,PM 2.5,121
10/18/2019,Karachi,PM 2.5,102
10/19/2019,Karachi,PM 2.5,118
10/20/2019,Karachi,PM 2.5,156
10/21/2019,Karachi,PM 2.5,148
10/22/2019,Karachi,PM 2.5,169
10/23/2019,Karachi,PM 2.5,155
10/24/2019,Karachi,PM 2.5,118
10/25/2019,Karachi,PM 2.5,145
10/26/2019,Karachi,PM 2.5,161
10/27/2019,Karachi,PM 2.5,161
10/28/2019,Karachi,PM 2.5,156
10/29/2019,Karachi,PM 2.5,144
10/30/2019,Karachi,PM 2.5,146
10/31/2019,Karachi,PM 2.5,122
11/1/2019,Karachi,PM 2.5,101
11/2/2019,Karachi,PM 2.5,129
11/3/2019,Karachi,PM 2.5,105
11/4/2019,Karachi,PM 2.5,89
11/5/2019,Karachi,PM 2.5,117
11/6/2019,Karachi,PM 2.5,131
11/7/2019,Karachi,PM 2.5,106
11/8/2019,Karachi,PM 2.5,-
11/9/2019,Karachi,PM 2.5,-
11/10/2019,Karachi,PM 2.5,-
11/11/2019,Karachi,PM 2.5,136
11/12/2019,Karachi,PM 2.5,147
11/13/2019,Karachi,PM 2.5,164
11/14/2019,Karachi,PM 2.5,168
11/15/2019,Karachi,PM 2.5,152
11/16/2019,Karachi,PM 2.5,-
11/17/2019,Karachi,PM 2.5,-
11/18/2019,Karachi,PM 2.5,-
11/19/2019,Karachi,PM 2.5,129
11/20/2019,Karachi,PM 2.5,134
11/21/2019,Karachi,PM 2.5,113
11/22/2019,Karachi,PM 2.5,145
11/23/2019,Karachi,PM 2.5,166
11/24/2019,Karachi,PM 2.5,171
11/25/2019,Karachi,PM 2.5,160
11/26/2019,Karachi,PM 2.5,143
11/27/2019,Karachi,PM 2.5,141
11/28/2019,Karachi,PM 2.5,149
11/29/2019,Karachi,PM 2.5,156
11/30/2019,Karachi,PM 2.5,150
12/1/2019,Karachi,PM 2.5,158
12/2/2019,Karachi,PM 2.5,148
12/3/2019,Karachi,PM 2.5,155
12/4/2019,Karachi,PM 2.5,140
12/5/2019,Karachi,PM 2.5,132
12/6/2019,Karachi,PM 2.5,138
12/7/2019,Karachi,PM 2.5,137
12/8/2019,Karachi,PM 2.5,143
12/9/2019,Karachi,PM 2.5,148
12/10/2019,Karachi,PM 2.5,167
12/11/2019,Karachi,PM 2.5,210
12/12/2019,Karachi,PM 2.5,102
12/13/2019,Karachi,PM 2.5,160
12/14/2019,Karachi,PM 2.5,169
12/15/2019,Karachi,PM 2.5,157
12/16/2019,Karachi,PM 2.5,161
12/17/2019,Karachi,PM 2.5,164
12/18/2019,Karachi,PM 2.5,134
12/19/2019,Karachi,PM 2.5,141
12/20/2019,Karachi,PM 2.5,175
12/21/2019,Karachi,PM 2.5,165
12/22/2019,Karachi,PM 2.5,154
12/23/2019,Karachi,PM 2.5,135
12/24/2019,Karachi,PM 2.5,146
12/25/2019,Karachi,PM 2.5,152
12/26/2019,Karachi,PM 2.5,149
12/27/2019,Karachi,PM 2.5,165
12/28/2019,Karachi,PM 2.5,210
12/29/2019,Karachi,PM 2.5,198
12/30/2019,Karachi,PM 2.5,177
12/31/2019,Karachi,PM 2.5,-
1/1/2020,Karachi,PM 2.5,-
1/2/2020,Karachi,PM 2.5,174
1/3/2020,Karachi,PM 2.5,156
1/4/2020,Karachi,PM 2.5,169
1/5/2020,Karachi,PM 2.5,213
1/6/2020,Karachi,PM 2.5,165
1/7/2020,Karachi,PM 2.5,191
1/8/2020,Karachi,PM 2.5,152
1/9/2020,Karachi,PM 2.5,151
1/10/2020,Karachi,PM 2.5,140
1/11/2020,Karachi,PM 2.5,114
1/12/2020,Karachi,PM 2.5,134
1/13/2020,Karachi,PM 2.5,119
1/14/2020,Karachi,PM 2.5,105
1/15/2020,Karachi,PM 2.5,130
1/16/2020,Karachi,PM 2.5,106
1/17/2020,Karachi,PM 2.5,122
1/18/2020,Karachi,PM 2.5,163
1/19/2020,Karachi,PM 2.5,184
1/20/2020,Karachi,PM 2.5,126
1/21/2020,Karachi,PM 2.5,168
1/22/2020,Karachi,PM 2.5,170
1/23/2020,Karachi,PM 2.5,172
1/24/2020,Karachi,PM 2.5,154
1/25/2020,Karachi,PM 2.5,149
1/26/2020,Karachi,PM 2.5,152
1/27/2020,Karachi,PM 2.5,141
1/28/2020,Karachi,PM 2.5,106
1/29/2020,Karachi,PM 2.5,107
1/30/2020,Karachi,PM 2.5,123
1/31/2020,Karachi,PM 2.5,141
2/1/2020,Karachi,PM 2.5,164
2/2/2020,Karachi,PM 2.5,160
2/3/2020,Karachi,PM 2.5,132
2/4/2020,Karachi,PM 2.5,165
2/5/2020,Karachi,PM 2.5,116
2/6/2020,Karachi,PM 2.5,135
2/7/2020,Karachi,PM 2.5,154
2/8/2020,Karachi,PM 2.5,161
2/9/2020,Karachi,PM 2.5,139
2/10/2020,Karachi,PM 2.5,151
2/11/2020,Karachi,PM 2.5,168
2/12/2020,Karachi,PM 2.5,174
2/13/2020,Karachi,PM 2.5,154
2/14/2020,Karachi,PM 2.5,175
2/15/2020,Karachi,PM 2.5,166
2/16/2020,Karachi,PM 2.5,157
2/17/2020,Karachi,PM 2.5,175
2/18/2020,Karachi,PM 2.5,201
2/19/2020,Karachi,PM 2.5,179
2/20/2020,Karachi,PM 2.5,101
2/21/2020,Karachi,PM 2.5,159
2/22/2020,Karachi,PM 2.5,129
2/23/2020,Karachi,PM 2.5,140
2/24/2020,Karachi,PM 2.5,153
2/25/2020,Karachi,PM 2.5,152
2/26/2020,Karachi,PM 2.5,109
2/27/2020,Karachi,PM 2.5,109
2/28/2020,Karachi,PM 2.5,117
2/29/2020,Karachi,PM 2.5,105
3/1/2020,Karachi,PM 2.5,158
3/2/2020,Karachi,PM 2.5,144
3/3/2020,Karachi,PM 2.5,156
3/4/2020,Karachi,PM 2.5,111
3/5/2020,Karachi,PM 2.5,94
3/6/2020,Karachi,PM 2.5,96
3/7/2020,Karachi,PM 2.5,150
3/8/2020,Karachi,PM 2.5,139
3/9/2020,Karachi,PM 2.5,108
3/10/2020,Karachi,PM 2.5,111
3/11/2020,Karachi,PM 2.5,103
3/12/2020,Karachi,PM 2.5,83
3/13/2020,Karachi,PM 2.5,154
3/14/2020,Karachi,PM 2.5,152
3/15/2020,Karachi,PM 2.5,169
3/16/2020,Karachi,PM 2.5,145
3/17/2020,Karachi,PM 2.5,135
3/18/2020,Karachi,PM 2.5,147
3/19/2020,Karachi,PM 2.5,157
3/20/2020,Karachi,PM 2.5,108
3/21/2020,Karachi,PM 2.5,81
3/22/2020,Karachi,PM 2.5,70
3/23/2020,Karachi,PM 2.5,66
3/24/2020,Karachi,PM 2.5,72
3/25/2020,Karachi,PM 2.5,52
3/26/2020,Karachi,PM 2.5,88
3/27/2020,Karachi,PM 2.5,72
3/28/2020,Karachi,PM 2.5,69
3/29/2020,Karachi,PM 2.5,66
3/30/2020,Karachi,PM 2.5,80
3/31/2020,Karachi,PM 2.5,92
4/1/2020,Karachi,PM 2.5,61
4/2/2020,Karachi,PM 2.5,70
4/3/2020,Karachi,PM 2.5,102
4/4/2020,Karachi,PM 2.5,96
4/5/2020,Karachi,PM 2.5,90
4/6/2020,Karachi,PM 2.5,79
4/7/2020,Karachi,PM 2.5,97
4/8/2020,Karachi,PM 2.5,117
4/9/2020,Karachi,PM 2.5,107
4/10/2020,Karachi,PM 2.5,87
4/11/2020,Karachi,PM 2.5,83
4/12/2020,Karachi,PM 2.5,124
4/13/2020,Karachi,PM 2.5,83
4/14/2020,Karachi,PM 2.5,76
4/15/2020,Karachi,PM 2.5,79
4/16/2020,Karachi,PM 2.5,88
4/17/2020,Karachi,PM 2.5,85
4/18/2020,Karachi,PM 2.5,82
4/19/2020,Karachi,PM 2.5,72
4/20/2020,Karachi,PM 2.5,64
4/29/2019,Islamabad,PM 2.5,162
4/30/2019,Islamabad,PM 2.5,124
5/1/2019,Islamabad,PM 2.5,89
5/2/2019,Islamabad,PM 2.5,87
5/3/2019,Islamabad,PM 2.5,69
5/4/2019,Islamabad,PM 2.5,72
5/5/2019,Islamabad,PM 2.5,108
5/6/2019,Islamabad,PM 2.5,-
5/7/2019,Islamabad,PM 2.5,64
5/8/2019,Islamabad,PM 2.5,130
5/9/2019,Islamabad,PM 2.5,100
5/10/2019,Islamabad,PM 2.5,111
5/11/2019,Islamabad,PM 2.5,86
5/12/2019,Islamabad,PM 2.5,80
5/13/2019,Islamabad,PM 2.5,90
5/14/2019,Islamabad,PM 2.5,92
5/15/2019,Islamabad,PM 2.5,80
5/16/2019,Islamabad,PM 2.5,108
5/17/2019,Islamabad,PM 2.5,88
5/18/2019,Islamabad,PM 2.5,109
5/19/2019,Islamabad,PM 2.5,87
5/20/2019,Islamabad,PM 2.5,86
5/21/2019,Islamabad,PM 2.5,73
5/22/2019,Islamabad,PM 2.5,94
5/23/2019,Islamabad,PM 2.5,101
5/24/2019,Islamabad,PM 2.5,81
5/25/2019,Islamabad,PM 2.5,67
5/26/2019,Islamabad,PM 2.5,70
5/27/2019,Islamabad,PM 2.5,75
5/28/2019,Islamabad,PM 2.5,83
5/29/2019,Islamabad,PM 2.5,87
5/30/2019,Islamabad,PM 2.5,83
5/31/2019,Islamabad,PM 2.5,85
6/1/2019,Islamabad,PM 2.5,94
6/2/2019,Islamabad,PM 2.5,95
6/3/2019,Islamabad,PM 2.5,119
6/4/2019,Islamabad,PM 2.5,90
6/5/2019,Islamabad,PM 2.5,79
6/6/2019,Islamabad,PM 2.5,78
6/7/2019,Islamabad,PM 2.5,81
6/8/2019,Islamabad,PM 2.5,76
6/9/2019,Islamabad,PM 2.5,85
6/10/2019,Islamabad,PM 2.5,95
6/11/2019,Islamabad,PM 2.5,142
6/12/2019,Islamabad,PM 2.5,66
6/13/2019,Islamabad,PM 2.5,72
6/14/2019,Islamabad,PM 2.5,87
6/15/2019,Islamabad,PM 2.5,100
6/16/2019,Islamabad,PM 2.5,94
6/17/2019,Islamabad,PM 2.5,88
6/18/2019,Islamabad,PM 2.5,101
6/19/2019,Islamabad,PM 2.5,81
6/20/2019,Islamabad,PM 2.5,104
6/21/2019,Islamabad,PM 2.5,70
6/22/2019,Islamabad,PM 2.5,84
6/23/2019,Islamabad,PM 2.5,89
6/24/2019,Islamabad,PM 2.5,75
6/25/2019,Islamabad,PM 2.5,86
6/26/2019,Islamabad,PM 2.5,76
6/27/2019,Islamabad,PM 2.5,83
6/28/2019,Islamabad,PM 2.5,98
6/29/2019,Islamabad,PM 2.5,99
6/30/2019,Islamabad,PM 2.5,119
7/1/2019,Islamabad,PM 2.5,87
7/2/2019,Islamabad,PM 2.5,97
7/3/2019,Islamabad,PM 2.5,118
7/4/2019,Islamabad,PM 2.5,144
7/5/2019,Islamabad,PM 2.5,136
7/6/2019,Islamabad,PM 2.5,103
7/7/2019,Islamabad,PM 2.5,112
7/8/2019,Islamabad,PM 2.5,107
7/9/2019,Islamabad,PM 2.5,128
7/10/2019,Islamabad,PM 2.5,106
7/11/2019,Islamabad,PM 2.5,86
7/12/2019,Islamabad,PM 2.5,87
7/13/2019,Islamabad,PM 2.5,127
7/14/2019,Islamabad,PM 2.5,75
7/15/2019,Islamabad,PM 2.5,82
7/16/2019,Islamabad,PM 2.5,92
7/17/2019,Islamabad,PM 2.5,99
7/18/2019,Islamabad,PM 2.5,113
7/19/2019,Islamabad,PM 2.5,96
7/20/2019,Islamabad,PM 2.5,84
7/21/2019,Islamabad,PM 2.5,75
7/22/2019,Islamabad,PM 2.5,101
7/23/2019,Islamabad,PM 2.5,121
7/24/2019,Islamabad,PM 2.5,118
7/25/2019,Islamabad,PM 2.5,132
7/26/2019,Islamabad,PM 2.5,69
7/27/2019,Islamabad,PM 2.5,67
7/28/2019,Islamabad,PM 2.5,68
7/29/2019,Islamabad,PM 2.5,53
7/30/2019,Islamabad,PM 2.5,70
7/31/2019,Islamabad,PM 2.5,80
8/1/2019,Islamabad,PM 2.5,70
8/2/2019,Islamabad,PM 2.5,54
8/3/2019,Islamabad,PM 2.5,74
8/4/2019,Islamabad,PM 2.5,84
8/5/2019,Islamabad,PM 2.5,87
8/6/2019,Islamabad,PM 2.5,96
8/7/2019,Islamabad,PM 2.5,103
8/8/2019,Islamabad,PM 2.5,66
8/9/2019,Islamabad,PM 2.5,76
8/10/2019,Islamabad,PM 2.5,73
8/11/2019,Islamabad,PM 2.5,58
8/12/2019,Islamabad,PM 2.5,67
8/13/2019,Islamabad,PM 2.5,83
8/14/2019,Islamabad,PM 2.5,68
8/15/2019,Islamabad,PM 2.5,67
8/16/2019,Islamabad,PM 2.5,93
8/17/2019,Islamabad,PM 2.5,96
8/18/2019,Islamabad,PM 2.5,69
8/19/2019,Islamabad,PM 2.5,80
8/20/2019,Islamabad,PM 2.5,69
8/21/2019,Islamabad,PM 2.5,85
8/22/2019,Islamabad,PM 2.5,95
8/23/2019,Islamabad,PM 2.5,96
8/24/2019,Islamabad,PM 2.5,111
8/25/2019,Islamabad,PM 2.5,108
8/26/2019,Islamabad,PM 2.5,116
8/27/2019,Islamabad,PM 2.5,90
8/28/2019,Islamabad,PM 2.5,114
8/29/2019,Islamabad,PM 2.5,110
8/30/2019,Islamabad,PM 2.5,115
8/31/2019,Islamabad,PM 2.5,101
9/1/2019,Islamabad,PM 2.5,95
9/2/2019,Islamabad,PM 2.5,96
9/3/2019,Islamabad,PM 2.5,96
9/4/2019,Islamabad,PM 2.5,104
9/5/2019,Islamabad,PM 2.5,114
9/6/2019,Islamabad,PM 2.5,133
9/7/2019,Islamabad,PM 2.5,104
9/8/2019,Islamabad,PM 2.5,72
9/9/2019,Islamabad,PM 2.5,91
9/10/2019,Islamabad,PM 2.5,109
9/11/2019,Islamabad,PM 2.5,117
9/12/2019,Islamabad,PM 2.5,123
9/13/2019,Islamabad,PM 2.5,126
9/14/2019,Islamabad,PM 2.5,131
9/15/2019,Islamabad,PM 2.5,128
9/16/2019,Islamabad,PM 2.5,137
9/17/2019,Islamabad,PM 2.5,97
9/18/2019,Islamabad,PM 2.5,115
9/19/2019,Islamabad,PM 2.5,132
9/20/2019,Islamabad,PM 2.5,114
9/21/2019,Islamabad,PM 2.5,93
9/22/2019,Islamabad,PM 2.5,110
9/23/2019,Islamabad,PM 2.5,117
9/24/2019,Islamabad,PM 2.5,129
9/25/2019,Islamabad,PM 2.5,153
9/26/2019,Islamabad,PM 2.5,139
9/27/2019,Islamabad,PM 2.5,147
9/28/2019,Islamabad,PM 2.5,106
9/29/2019,Islamabad,PM 2.5,85
9/30/2019,Islamabad,PM 2.5,74
10/1/2019,Islamabad,PM 2.5,83
10/2/2019,Islamabad,PM 2.5,84
10/3/2019,Islamabad,PM 2.5,99
10/4/2019,Islamabad,PM 2.5,98
10/5/2019,Islamabad,PM 2.5,81
10/6/2019,Islamabad,PM 2.5,95
10/7/2019,Islamabad,PM 2.5,131
10/8/2019,Islamabad,PM 2.5,87
10/9/2019,Islamabad,PM 2.5,109
10/10/2019,Islamabad,PM 2.5,107
10/11/2019,Islamabad,PM 2.5,115
10/12/2019,Islamabad,PM 2.5,105
10/13/2019,Islamabad,PM 2.5,130
10/14/2019,Islamabad,PM 2.5,135
10/15/2019,Islamabad,PM 2.5,139
10/16/2019,Islamabad,PM 2.5,152
10/17/2019,Islamabad,PM 2.5,169
10/18/2019,Islamabad,PM 2.5,153
10/19/2019,Islamabad,PM 2.5,86
10/20/2019,Islamabad,PM 2.5,111
10/21/2019,Islamabad,PM 2.5,114
10/22/2019,Islamabad,PM 2.5,102
10/23/2019,Islamabad,PM 2.5,102
10/24/2019,Islamabad,PM 2.5,121
10/25/2019,Islamabad,PM 2.5,133
10/26/2019,Islamabad,PM 2.5,116
10/27/2019,Islamabad,PM 2.5,104
10/28/2019,Islamabad,PM 2.5,111
10/29/2019,Islamabad,PM 2.5,129
10/30/2019,Islamabad,PM 2.5,159
10/31/2019,Islamabad,PM 2.5,169
11/1/2019,Islamabad,PM 2.5,157
11/2/2019,Islamabad,PM 2.5,141
11/3/2019,Islamabad,PM 2.5,143
11/4/2019,Islamabad,PM 2.5,131
11/5/2019,Islamabad,PM 2.5,127
11/6/2019,Islamabad,PM 2.5,127
11/7/2019,Islamabad,PM 2.5,92
11/8/2019,Islamabad,PM 2.5,108
11/9/2019,Islamabad,PM 2.5,100
11/10/2019,Islamabad,PM 2.5,135
11/11/2019,Islamabad,PM 2.5,135
11/12/2019,Islamabad,PM 2.5,133
11/13/2019,Islamabad,PM 2.5,150
11/14/2019,Islamabad,PM 2.5,151
11/15/2019,Islamabad,PM 2.5,145
11/16/2019,Islamabad,PM 2.5,110
11/17/2019,Islamabad,PM 2.5,111
11/18/2019,Islamabad,PM 2.5,112
11/19/2019,Islamabad,PM 2.5,112
11/20/2019,Islamabad,PM 2.5,139
11/21/2019,Islamabad,PM 2.5,155
11/22/2019,Islamabad,PM 2.5,131
11/23/2019,Islamabad,PM 2.5,103
11/24/2019,Islamabad,PM 2.5,120
11/25/2019,Islamabad,PM 2.5,110
11/26/2019,Islamabad,PM 2.5,140
11/27/2019,Islamabad,PM 2.5,156
11/28/2019,Islamabad,PM 2.5,160
11/29/2019,Islamabad,PM 2.5,124
11/30/2019,Islamabad,PM 2.5,117
12/1/2019,Islamabad,PM 2.5,159
12/2/2019,Islamabad,PM 2.5,154
12/3/2019,Islamabad,PM 2.5,161
12/4/2019,Islamabad,PM 2.5,151
12/5/2019,Islamabad,PM 2.5,189
12/6/2019,Islamabad,PM 2.5,189
12/7/2019,Islamabad,PM 2.5,194
12/8/2019,Islamabad,PM 2.5,192
12/9/2019,Islamabad,PM 2.5,186
12/10/2019,Islamabad,PM 2.5,201
12/11/2019,Islamabad,PM 2.5,213
12/12/2019,Islamabad,PM 2.5,188
12/13/2019,Islamabad,PM 2.5,145
12/14/2019,Islamabad,PM 2.5,78
12/15/2019,Islamabad,PM 2.5,82
12/16/2019,Islamabad,PM 2.5,127
12/17/2019,Islamabad,PM 2.5,149
12/18/2019,Islamabad,PM 2.5,150
12/19/2019,Islamabad,PM 2.5,172
12/20/2019,Islamabad,PM 2.5,170
12/21/2019,Islamabad,PM 2.5,186
12/22/2019,Islamabad,PM 2.5,161
12/23/2019,Islamabad,PM 2.5,181
12/24/2019,Islamabad,PM 2.5,188
12/25/2019,Islamabad,PM 2.5,198
12/26/2019,Islamabad,PM 2.5,206
12/27/2019,Islamabad,PM 2.5,202
12/28/2019,Islamabad,PM 2.5,190
12/29/2019,Islamabad,PM 2.5,188
12/30/2019,Islamabad,PM 2.5,203
12/31/2019,Islamabad,PM 2.5,-
1/1/2020,Islamabad,PM 2.5,-
1/2/2020,Islamabad,PM 2.5,156
1/3/2020,Islamabad,PM 2.5,173
1/4/2020,Islamabad,PM 2.5,188
1/5/2020,Islamabad,PM 2.5,135
1/6/2020,Islamabad,PM 2.5,165
1/7/2020,Islamabad,PM 2.5,134
1/8/2020,Islamabad,PM 2.5,124
1/9/2020,Islamabad,PM 2.5,136
1/10/2020,Islamabad,PM 2.5,136
1/11/2020,Islamabad,PM 2.5,162
1/12/2020,Islamabad,PM 2.5,236
1/13/2020,Islamabad,PM 2.5,165
1/14/2020,Islamabad,PM 2.5,97
1/15/2020,Islamabad,PM 2.5,105
1/16/2020,Islamabad,PM 2.5,153
1/17/2020,Islamabad,PM 2.5,146
1/18/2020,Islamabad,PM 2.5,156
1/19/2020,Islamabad,PM 2.5,165
1/20/2020,Islamabad,PM 2.5,149
1/21/2020,Islamabad,PM 2.5,171
1/22/2020,Islamabad,PM 2.5,134
1/23/2020,Islamabad,PM 2.5,144
1/24/2020,Islamabad,PM 2.5,137
1/25/2020,Islamabad,PM 2.5,147
1/26/2020,Islamabad,PM 2.5,179
1/27/2020,Islamabad,PM 2.5,148
1/28/2020,Islamabad,PM 2.5,129
1/29/2020,Islamabad,PM 2.5,96
1/30/2020,Islamabad,PM 2.5,96
1/31/2020,Islamabad,PM 2.5,145
2/1/2020,Islamabad,PM 2.5,137
2/2/2020,Islamabad,PM 2.5,125
2/3/2020,Islamabad,PM 2.5,149
2/4/2020,Islamabad,PM 2.5,166
2/5/2020,Islamabad,PM 2.5,165
2/6/2020,Islamabad,PM 2.5,128
2/7/2020,Islamabad,PM 2.5,138
2/8/2020,Islamabad,PM 2.5,155
2/9/2020,Islamabad,PM 2.5,155
2/10/2020,Islamabad,PM 2.5,170
2/11/2020,Islamabad,PM 2.5,176
2/12/2020,Islamabad,PM 2.5,171
2/13/2020,Islamabad,PM 2.5,169
2/14/2020,Islamabad,PM 2.5,157
2/15/2020,Islamabad,PM 2.5,100
2/16/2020,Islamabad,PM 2.5,118
2/17/2020,Islamabad,PM 2.5,117
2/18/2020,Islamabad,PM 2.5,123
2/19/2020,Islamabad,PM 2.5,147
2/20/2020,Islamabad,PM 2.5,131
2/21/2020,Islamabad,PM 2.5,76
2/22/2020,Islamabad,PM 2.5,126
2/23/2020,Islamabad,PM 2.5,122
2/24/2020,Islamabad,PM 2.5,134
2/25/2020,Islamabad,PM 2.5,132
2/26/2020,Islamabad,PM 2.5,144
2/27/2020,Islamabad,PM 2.5,139
2/28/2020,Islamabad,PM 2.5,167
2/29/2020,Islamabad,PM 2.5,103
3/1/2020,Islamabad,PM 2.5,74
3/2/2020,Islamabad,PM 2.5,107
3/3/2020,Islamabad,PM 2.5,113
3/4/2020,Islamabad,PM 2.5,138
3/5/2020,Islamabad,PM 2.5,105
3/6/2020,Islamabad,PM 2.5,83
3/7/2020,Islamabad,PM 2.5,79
3/8/2020,Islamabad,PM 2.5,58
3/9/2020,Islamabad,PM 2.5,83
3/10/2020,Islamabad,PM 2.5,105
3/11/2020,Islamabad,PM 2.5,114
3/12/2020,Islamabad,PM 2.5,89
3/13/2020,Islamabad,PM 2.5,71
3/14/2020,Islamabad,PM 2.5,85
3/15/2020,Islamabad,PM 2.5,107
3/16/2020,Islamabad,PM 2.5,114
3/17/2020,Islamabad,PM 2.5,121
3/18/2020,Islamabad,PM 2.5,125
3/19/2020,Islamabad,PM 2.5,121
3/20/2020,Islamabad,PM 2.5,110
3/21/2020,Islamabad,PM 2.5,84
3/22/2020,Islamabad,PM 2.5,71
3/23/2020,Islamabad,PM 2.5,79
3/24/2020,Islamabad,PM 2.5,87
3/25/2020,Islamabad,PM 2.5,77
3/26/2020,Islamabad,PM 2.5,78
3/27/2020,Islamabad,PM 2.5,89
3/28/2020,Islamabad,PM 2.5,67
3/29/2020,Islamabad,PM 2.5,62
3/30/2020,Islamabad,PM 2.5,80
3/31/2020,Islamabad,PM 2.5,104
4/1/2020,Islamabad,PM 2.5,84
4/2/2020,Islamabad,PM 2.5,81
4/3/2020,Islamabad,PM 2.5,58
4/4/2020,Islamabad,PM 2.5,82
4/5/2020,Islamabad,PM 2.5,94
4/6/2020,Islamabad,PM 2.5,76
4/7/2020,Islamabad,PM 2.5,72
4/8/2020,Islamabad,PM 2.5,74
4/9/2020,Islamabad,PM 2.5,86
4/10/2020,Islamabad,PM 2.5,88
4/11/2020,Islamabad,PM 2.5,76
4/12/2020,Islamabad,PM 2.5,89
4/13/2020,Islamabad,PM 2.5,96
4/14/2020,Islamabad,PM 2.5,100
4/15/2020,Islamabad,PM 2.5,100
4/16/2020,Islamabad,PM 2.5,89
4/17/2020,Islamabad,PM 2.5,119
4/18/2020,Islamabad,PM 2.5,83
4/19/2020,Islamabad,PM 2.5,98
4/20/2020,Islamabad,PM 2.5,68
5/28/2019,Peshawar,PM 2.5,203
5/29/2019,Peshawar,PM 2.5,125
5/30/2019,Peshawar,PM 2.5,133
5/31/2019,Peshawar,PM 2.5,134
6/1/2019,Peshawar,PM 2.5,108
6/2/2019,Peshawar,PM 2.5,104
6/3/2019,Peshawar,PM 2.5,110
6/4/2019,Peshawar,PM 2.5,152
6/5/2019,Peshawar,PM 2.5,104
6/6/2019,Peshawar,PM 2.5,67
6/7/2019,Peshawar,PM 2.5,70
6/8/2019,Peshawar,PM 2.5,98
6/9/2019,Peshawar,PM 2.5,136
6/10/2019,Peshawar,PM 2.5,84
6/11/2019,Peshawar,PM 2.5,137
6/12/2019,Peshawar,PM 2.5,79
6/13/2019,Peshawar,PM 2.5,78
6/14/2019,Peshawar,PM 2.5,93
6/15/2019,Peshawar,PM 2.5,121
6/16/2019,Peshawar,PM 2.5,158
6/17/2019,Peshawar,PM 2.5,138
6/18/2019,Peshawar,PM 2.5,144
6/19/2019,Peshawar,PM 2.5,132
6/20/2019,Peshawar,PM 2.5,158
6/21/2019,Peshawar,PM 2.5,131
6/22/2019,Peshawar,PM 2.5,123
6/23/2019,Peshawar,PM 2.5,142
6/24/2019,Peshawar,PM 2.5,141
6/25/2019,Peshawar,PM 2.5,169
6/26/2019,Peshawar,PM 2.5,142
6/27/2019,Peshawar,PM 2.5,159
6/28/2019,Peshawar,PM 2.5,146
6/29/2019,Peshawar,PM 2.5,120
6/30/2019,Peshawar,PM 2.5,179
7/1/2019,Peshawar,PM 2.5,140
7/2/2019,Peshawar,PM 2.5,127
7/3/2019,Peshawar,PM 2.5,161
7/4/2019,Peshawar,PM 2.5,168
7/5/2019,Peshawar,PM 2.5,172
7/6/2019,Peshawar,PM 2.5,182
7/7/2019,Peshawar,PM 2.5,131
7/8/2019,Peshawar,PM 2.5,147
7/9/2019,Peshawar,PM 2.5,159
7/10/2019,Peshawar,PM 2.5,158
7/11/2019,Peshawar,PM 2.5,116
7/12/2019,Peshawar,PM 2.5,129
7/13/2019,Peshawar,PM 2.5,132
7/14/2019,Peshawar,PM 2.5,114
7/15/2019,Peshawar,PM 2.5,97
7/16/2019,Peshawar,PM 2.5,83
7/17/2019,Peshawar,PM 2.5,112
7/18/2019,Peshawar,PM 2.5,132
7/19/2019,Peshawar,PM 2.5,99
7/20/2019,Peshawar,PM 2.5,131
7/21/2019,Peshawar,PM 2.5,87
7/22/2019,Peshawar,PM 2.5,128
7/23/2019,Peshawar,PM 2.5,113
7/24/2019,Peshawar,PM 2.5,160
7/25/2019,Peshawar,PM 2.5,159
7/26/2019,Peshawar,PM 2.5,119
7/27/2019,Peshawar,PM 2.5,99
7/28/2019,Peshawar,PM 2.5,88
7/29/2019,Peshawar,PM 2.5,76
7/30/2019,Peshawar,PM 2.5,89
7/31/2019,Peshawar,PM 2.5,91
8/1/2019,Peshawar,PM 2.5,116
8/2/2019,Peshawar,PM 2.5,70
8/3/2019,Peshawar,PM 2.5,76
8/4/2019,Peshawar,PM 2.5,99
8/5/2019,Peshawar,PM 2.5,125
8/6/2019,Peshawar,PM 2.5,127
8/7/2019,Peshawar,PM 2.5,136
8/8/2019,Peshawar,PM 2.5,79
8/9/2019,Peshawar,PM 2.5,124
8/10/2019,Peshawar,PM 2.5,96
8/11/2019,Peshawar,PM 2.5,46
8/12/2019,Peshawar,PM 2.5,100
8/13/2019,Peshawar,PM 2.5,122
8/14/2019,Peshawar,PM 2.5,108
8/15/2019,Peshawar,PM 2.5,70
8/16/2019,Peshawar,PM 2.5,111
8/17/2019,Peshawar,PM 2.5,93
8/18/2019,Peshawar,PM 2.5,65
8/19/2019,Peshawar,PM 2.5,109
8/20/2019,Peshawar,PM 2.5,120
8/21/2019,Peshawar,PM 2.5,115
8/22/2019,Peshawar,PM 2.5,133
8/23/2019,Peshawar,PM 2.5,143
8/24/2019,Peshawar,PM 2.5,135
8/25/2019,Peshawar,PM 2.5,144
8/26/2019,Peshawar,PM 2.5,138
8/27/2019,Peshawar,PM 2.5,105
8/28/2019,Peshawar,PM 2.5,130
8/29/2019,Peshawar,PM 2.5,144
8/30/2019,Peshawar,PM 2.5,152
8/31/2019,Peshawar,PM 2.5,121
9/1/2019,Peshawar,PM 2.5,121
9/2/2019,Peshawar,PM 2.5,143
9/3/2019,Peshawar,PM 2.5,117
9/4/2019,Peshawar,PM 2.5,144
9/5/2019,Peshawar,PM 2.5,149
9/6/2019,Peshawar,PM 2.5,137
9/7/2019,Peshawar,PM 2.5,145
9/8/2019,Peshawar,PM 2.5,105
9/9/2019,Peshawar,PM 2.5,138
9/10/2019,Peshawar,PM 2.5,141
9/11/2019,Peshawar,PM 2.5,153
9/12/2019,Peshawar,PM 2.5,157
9/13/2019,Peshawar,PM 2.5,157
9/14/2019,Peshawar,PM 2.5,142
9/15/2019,Peshawar,PM 2.5,150
9/16/2019,Peshawar,PM 2.5,160
9/17/2019,Peshawar,PM 2.5,132
9/18/2019,Peshawar,PM 2.5,146
9/19/2019,Peshawar,PM 2.5,155
9/20/2019,Peshawar,PM 2.5,149
9/21/2019,Peshawar,PM 2.5,128
9/22/2019,Peshawar,PM 2.5,137
9/23/2019,Peshawar,PM 2.5,150
9/24/2019,Peshawar,PM 2.5,161
9/25/2019,Peshawar,PM 2.5,165
9/26/2019,Peshawar,PM 2.5,166
9/27/2019,Peshawar,PM 2.5,162
9/28/2019,Peshawar,PM 2.5,154
9/29/2019,Peshawar,PM 2.5,104
9/30/2019,Peshawar,PM 2.5,95
10/1/2019,Peshawar,PM 2.5,110
10/2/2019,Peshawar,PM 2.5,80
10/3/2019,Peshawar,PM 2.5,160
10/4/2019,Peshawar,PM 2.5,134
10/5/2019,Peshawar,PM 2.5,87
10/6/2019,Peshawar,PM 2.5,86
10/7/2019,Peshawar,PM 2.5,111
10/8/2019,Peshawar,PM 2.5,102
10/9/2019,Peshawar,PM 2.5,115
10/10/2019,Peshawar,PM 2.5,159
10/11/2019,Peshawar,PM 2.5,166
10/12/2019,Peshawar,PM 2.5,154
10/13/2019,Peshawar,PM 2.5,159
10/14/2019,Peshawar,PM 2.5,166
10/15/2019,Peshawar,PM 2.5,173
10/16/2019,Peshawar,PM 2.5,192
10/17/2019,Peshawar,PM 2.5,181
10/18/2019,Peshawar,PM 2.5,157
10/19/2019,Peshawar,PM 2.5,102
10/20/2019,Peshawar,PM 2.5,107
10/21/2019,Peshawar,PM 2.5,126
10/22/2019,Peshawar,PM 2.5,164
10/23/2019,Peshawar,PM 2.5,160
10/24/2019,Peshawar,PM 2.5,161
10/25/2019,Peshawar,PM 2.5,159
10/26/2019,Peshawar,PM 2.5,136
10/27/2019,Peshawar,PM 2.5,179
10/28/2019,Peshawar,PM 2.5,177
10/29/2019,Peshawar,PM 2.5,189
10/30/2019,Peshawar,PM 2.5,202
10/31/2019,Peshawar,PM 2.5,214
11/1/2019,Peshawar,PM 2.5,170
11/2/2019,Peshawar,PM 2.5,118
11/3/2019,Peshawar,PM 2.5,132
11/4/2019,Peshawar,PM 2.5,122
11/5/2019,Peshawar,PM 2.5,158
11/6/2019,Peshawar,PM 2.5,129
11/7/2019,Peshawar,PM 2.5,92
11/8/2019,Peshawar,PM 2.5,114
11/9/2019,Peshawar,PM 2.5,135
11/10/2019,Peshawar,PM 2.5,114
11/11/2019,Peshawar,PM 2.5,154
11/12/2019,Peshawar,PM 2.5,180
11/13/2019,Peshawar,PM 2.5,215
11/14/2019,Peshawar,PM 2.5,244
11/15/2019,Peshawar,PM 2.5,228
11/16/2019,Peshawar,PM 2.5,135
11/17/2019,Peshawar,PM 2.5,112
11/18/2019,Peshawar,PM 2.5,152
11/19/2019,Peshawar,PM 2.5,131
11/20/2019,Peshawar,PM 2.5,171
11/21/2019,Peshawar,PM 2.5,239
11/22/2019,Peshawar,PM 2.5,294
11/23/2019,Peshawar,PM 2.5,102
11/24/2019,Peshawar,PM 2.5,136
11/25/2019,Peshawar,PM 2.5,158
11/26/2019,Peshawar,PM 2.5,172
11/27/2019,Peshawar,PM 2.5,197
11/28/2019,Peshawar,PM 2.5,169
11/29/2019,Peshawar,PM 2.5,138
11/30/2019,Peshawar,PM 2.5,146
12/1/2019,Peshawar,PM 2.5,140
12/2/2019,Peshawar,PM 2.5,162
12/3/2019,Peshawar,PM 2.5,155
12/4/2019,Peshawar,PM 2.5,146
12/5/2019,Peshawar,PM 2.5,157
12/6/2019,Peshawar,PM 2.5,210
12/7/2019,Peshawar,PM 2.5,214
12/8/2019,Peshawar,PM 2.5,185
12/9/2019,Peshawar,PM 2.5,216
12/10/2019,Peshawar,PM 2.5,244
12/11/2019,Peshawar,PM 2.5,239
12/12/2019,Peshawar,PM 2.5,133
12/13/2019,Peshawar,PM 2.5,208
12/14/2019,Peshawar,PM 2.5,211
12/15/2019,Peshawar,PM 2.5,221
12/16/2019,Peshawar,PM 2.5,169
12/17/2019,Peshawar,PM 2.5,164
12/18/2019,Peshawar,PM 2.5,167
12/19/2019,Peshawar,PM 2.5,210
12/20/2019,Peshawar,PM 2.5,277
12/21/2019,Peshawar,PM 2.5,270
12/22/2019,Peshawar,PM 2.5,292
12/23/2019,Peshawar,PM 2.5,209
12/24/2019,Peshawar,PM 2.5,213
12/25/2019,Peshawar,PM 2.5,250
12/26/2019,Peshawar,PM 2.5,252
12/27/2019,Peshawar,PM 2.5,198
12/28/2019,Peshawar,PM 2.5,215
12/29/2019,Peshawar,PM 2.5,314
12/30/2019,Peshawar,PM 2.5,343
12/31/2019,Peshawar,PM 2.5,-
1/1/2020,Peshawar,PM 2.5,-
1/2/2020,Peshawar,PM 2.5,425
1/3/2020,Peshawar,PM 2.5,123
1/4/2020,Peshawar,PM 2.5,166
1/5/2020,Peshawar,PM 2.5,204
1/6/2020,Peshawar,PM 2.5,175
1/7/2020,Peshawar,PM 2.5,115
1/8/2020,Peshawar,PM 2.5,183
1/9/2020,Peshawar,PM 2.5,190
1/10/2020,Peshawar,PM 2.5,188
1/11/2020,Peshawar,PM 2.5,171
1/12/2020,Peshawar,PM 2.5,203
1/13/2020,Peshawar,PM 2.5,216
1/14/2020,Peshawar,PM 2.5,92
1/15/2020,Peshawar,PM 2.5,94
1/16/2020,Peshawar,PM 2.5,168
1/17/2020,Peshawar,PM 2.5,183
1/18/2020,Peshawar,PM 2.5,216
1/19/2020,Peshawar,PM 2.5,162
1/20/2020,Peshawar,PM 2.5,155
1/21/2020,Peshawar,PM 2.5,209
1/22/2020,Peshawar,PM 2.5,124
1/23/2020,Peshawar,PM 2.5,151
1/24/2020,Peshawar,PM 2.5,142
1/25/2020,Peshawar,PM 2.5,182
1/26/2020,Peshawar,PM 2.5,215
1/27/2020,Peshawar,PM 2.5,169
1/28/2020,Peshawar,PM 2.5,205
1/29/2020,Peshawar,PM 2.5,187
1/30/2020,Peshawar,PM 2.5,115
1/31/2020,Peshawar,PM 2.5,154
2/1/2020,Peshawar,PM 2.5,163
2/2/2020,Peshawar,PM 2.5,185
2/3/2020,Peshawar,PM 2.5,169
2/4/2020,Peshawar,PM 2.5,173
2/5/2020,Peshawar,PM 2.5,171
2/6/2020,Peshawar,PM 2.5,156
2/7/2020,Peshawar,PM 2.5,204
2/8/2020,Peshawar,PM 2.5,190
2/9/2020,Peshawar,PM 2.5,162
2/10/2020,Peshawar,PM 2.5,196
2/11/2020,Peshawar,PM 2.5,201
2/12/2020,Peshawar,PM 2.5,182
2/13/2020,Peshawar,PM 2.5,118
2/14/2020,Peshawar,PM 2.5,177
2/15/2020,Peshawar,PM 2.5,111
2/16/2020,Peshawar,PM 2.5,139
2/17/2020,Peshawar,PM 2.5,121
2/18/2020,Peshawar,PM 2.5,119
2/19/2020,Peshawar,PM 2.5,136
2/20/2020,Peshawar,PM 2.5,143
2/21/2020,Peshawar,PM 2.5,88
2/22/2020,Peshawar,PM 2.5,147
2/23/2020,Peshawar,PM 2.5,174
2/24/2020,Peshawar,PM 2.5,162
2/25/2020,Peshawar,PM 2.5,185
2/26/2020,Peshawar,PM 2.5,177
2/27/2020,Peshawar,PM 2.5,176
2/28/2020,Peshawar,PM 2.5,194
2/29/2020,Peshawar,PM 2.5,123
3/1/2020,Peshawar,PM 2.5,85
3/2/2020,Peshawar,PM 2.5,98
3/3/2020,Peshawar,PM 2.5,142
3/4/2020,Peshawar,PM 2.5,121
3/5/2020,Peshawar,PM 2.5,129
3/6/2020,Peshawar,PM 2.5,69
3/7/2020,Peshawar,PM 2.5,109
3/8/2020,Peshawar,PM 2.5,77
3/9/2020,Peshawar,PM 2.5,77
3/10/2020,Peshawar,PM 2.5,124
3/11/2020,Peshawar,PM 2.5,162
3/12/2020,Peshawar,PM 2.5,146
3/13/2020,Peshawar,PM 2.5,82
3/14/2020,Peshawar,PM 2.5,158
3/15/2020,Peshawar,PM 2.5,154
3/16/2020,Peshawar,PM 2.5,149
3/17/2020,Peshawar,PM 2.5,153
3/18/2020,Peshawar,PM 2.5,161
3/19/2020,Peshawar,PM 2.5,145
3/20/2020,Peshawar,PM 2.5,165
3/21/2020,Peshawar,PM 2.5,150
3/22/2020,Peshawar,PM 2.5,68
3/23/2020,Peshawar,PM 2.5,93
3/24/2020,Peshawar,PM 2.5,142
3/25/2020,Peshawar,PM 2.5,62
3/26/2020,Peshawar,PM 2.5,93
3/27/2020,Peshawar,PM 2.5,96
3/28/2020,Peshawar,PM 2.5,87
3/29/2020,Peshawar,PM 2.5,76
3/30/2020,Peshawar,PM 2.5,69
3/31/2020,Peshawar,PM 2.5,102
4/1/2020,Peshawar,PM 2.5,81
4/2/2020,Peshawar,PM 2.5,62
4/3/2020,Peshawar,PM 2.5,84
4/4/2020,Peshawar,PM 2.5,98
4/5/2020,Peshawar,PM 2.5,126
4/6/2020,Peshawar,PM 2.5,130
4/7/2020,Peshawar,PM 2.5,85
4/8/2020,Peshawar,PM 2.5,58
4/9/2020,Peshawar,PM 2.5,98
4/10/2020,Peshawar,PM 2.5,83
4/11/2020,Peshawar,PM 2.5,72
4/12/2020,Peshawar,PM 2.5,106
4/13/2020,Peshawar,PM 2.5,115
4/14/2020,Peshawar,PM 2.5,111
4/15/2020,Peshawar,PM 2.5,81
4/16/2020,Peshawar,PM 2.5,69
4/17/2020,Peshawar,PM 2.5,90
4/18/2020,Peshawar,PM 2.5,99
4/19/2020,Peshawar,PM 2.5,71
4/20/2020,Peshawar,PM 2.5,79
